ID,Header,Type,Connections,MaxConnections,Storage,Action,LatencyTimeUnit,Writers,Readers,MaxWriters,MaxReaders,WriteRequestMB,WriteRequestRecords,WriteRequestRecords/Sec,WriteRequestMB/Sec,ReadRequestMB,ReadRequestRecords,ReadRequestRecords/Sec,ReadRequestMB/Sec,WriteResponsePendingMB,WriteResponsePendingRecords,ReadResponsePendingMB,ReadResponsePendingRecords,WriteReadRequestPendingMB,WriteReadRequestPendingRecords,WriteTimeoutEvents,WriteTimeoutEventsPerSec,ReadTimeoutEvents,ReadTimeoutEventsPerSec,ReportSeconds,MB,Records,Records/Sec,MB/Sec,AvgLatency,MinLatency,MaxLatency,InvalidLatencies,LowerDiscard,HigherDiscard,SLC1,SLC2,Percentile_5,Percentile_10,Percentile_15,Percentile_20,Percentile_25,Percentile_30,Percentile_35,Percentile_40,Percentile_45,Percentile_50,Percentile_55,Percentile_60,Percentile_65,Percentile_70,Percentile_75,Percentile_80,Percentile_85,Percentile_90,Percentile_92.5,Percentile_95,Percentile_97.5,Percentile_99,Percentile_99.25,Percentile_99.5,Percentile_99.75,Percentile_99.9,Percentile_99.95,Percentile_99.99,Percentile_Count_5,Percentile_Count_10,Percentile_Count_15,Percentile_Count_20,Percentile_Count_25,Percentile_Count_30,Percentile_Count_35,Percentile_Count_40,Percentile_Count_45,Percentile_Count_50,Percentile_Count_55,Percentile_Count_60,Percentile_Count_65,Percentile_Count_70,Percentile_Count_75,Percentile_Count_80,Percentile_Count_85,Percentile_Count_90,Percentile_Count_92.5,Percentile_Count_95,Percentile_Count_97.5,Percentile_Count_99,Percentile_Count_99.25,Percentile_Count_99.5,Percentile_Count_99.75,Percentile_Count_99.9,Percentile_Count_99.95,Percentile_Count_99.99
               1,sbk,Regular,0,0,File,Reading,NANOSECONDS,    0,    1,    0,    1,        0.0,               0,        0.0,    0.00,        0.0,               0,        0.0,    0.00,    0.00,            0,    0.00,            0,    0.00,            0,            0,    0.00,            0,    0.00,       5,       94.6,         9914808,  1982564.9,   18.91,   446.1,    333,1746041,       0,       0,       0, 1, 2,    375,    375,    416,    416,    416,    417,    417,    417,    417,    417,    417,    417,    417,    458,    458,    458,    459,    459,    500,    542,    584,    833,    875,    917,   1042,   1292,   3166,   5584,1099367,1099367,1781822,1781822,1781822,3560677,3560677,3560677,3560677,3560677,3560677,3560677,3560677,1668402,1668402,1668402, 833704, 833704, 337670, 127034,  66387,   4922,  38781,   9315,   2904,    750,     17,      7
               2,sbk,Regular,0,0,File,Reading,NANOSECONDS,    0,    1,    0,    1,        0.0,               0,        0.0,    0.00,        0.0,               0,        0.0,    0.00,    0.00,            0,    0.00,            0,    0.00,            0,            0,    0.00,            0,    0.00,       5,       97.8,        10252296,  2049874.0,   19.55,   439.3,    333,1123500,       0,       0,       0, 1, 1,    375,    416,    416,    416,    416,    417,    417,    417,    417,    417,    417,    417,    458,    458,    458,    458,    459,    459,    500,    542,    584,    625,    625,    625,    667,    750,   1083,   4542, 999439,1784161,1784161,1784161,1784161,3567476,3567476,3567476,3567476,3567476,3567476,3567476,1982530,1982530,1982530,1982530, 989014, 989014, 333950, 126866,  72042, 148391, 148391, 148391,  12950,   3580,     63,     19
               3,sbk,Regular,0,0,File,Reading,NANOSECONDS,    0,    1,    0,    1,        0.0,               0,        0.0,    0.00,        0.0,               0,        0.0,    0.00,    0.00,            0,    0.00,            0,    0.00,            0,            0,    0.00,            0,    0.00,       5,       98.4,        10312787,  2062144.9,   19.67,   436.7,    333, 863625,       0,       0,       0, 1, 1,    375,    375,    416,    416,    416,    417,    417,    417,    417,    417,    417,    417,    458,    458,    458,    458,    459,    459,    500,    541,    583,    625,    625,    625,    667,    750,   1125,   4166,1121933,1121933,1854954,1854954,1854954,3711769,3711769,3711769,3711769,3711769,3711769,3711769,1873281,1873281,1873281,1873281, 934799, 934799, 253981,  62130, 137095, 134995, 134995, 134995,  10363,   3035,     57,      4
               4,sbk,Regular,0,0,File,Reading,NANOSECONDS,    0,    1,    0,    1,        0.0,               0,        0.0,    0.00,        0.0,               0,        0.0,    0.00,    0.00,            0,    0.00,            0,    0.00,            0,            0,    0.00,            0,    0.00,       5,       98.2,        10299464,  2059480.4,   19.64,   437.0,    333, 325125,       0,       0,       0, 1, 1,    375,    375,    416,    416,    416,    417,    417,    417,    417,    417,    417,    417,    458,    458,    458,    458,    459,    459,    500,    541,    583,    625,    625,    625,    667,    750,   1084,   4458,1065559,1065559,1842496,1842496,1842496,3684610,3684610,3684610,3684610,3684610,3684610,3684610,1944320,1944320,1944320,1944320, 973241, 973241, 261137,  56422, 129244, 130377, 130377, 130377,  10166,   2936,     36,     19
               5,sbk,Regular,0,0,File,Reading,NANOSECONDS,    0,    1,    0,    1,        0.0,               0,        0.0,    0.00,        0.0,               0,        0.0,    0.00,    0.00,            0,    0.00,            0,    0.00,            0,            0,    0.00,            0,    0.00,       5,       97.9,        10270613,  2053710.6,   19.59,   438.8,    333,1131625,       0,       0,       0, 1, 1,    375,    416,    416,    416,    416,    417,    417,    417,    417,    417,    417,    417,    458,    458,    458,    458,    459,    459,    500,    541,    583,    625,    625,    625,    667,    750,   1042,   4209, 933814,1788297,1788297,1788297,1788297,3573274,3573274,3573274,3573274,3573274,3573274,3573274,2087176,2087176,2087176,2087176,1043248,1043248, 315134,  56650, 127113, 130849, 130849, 130849,  12525,   3443,     73,      6
               6,sbk,Regular,0,0,File,Reading,NANOSECONDS,    0,    1,    0,    1,        0.0,               0,        0.0,    0.00,        0.0,               0,        0.0,    0.00,    0.00,            0,    0.00,            0,    0.00,            0,            0,    0.00,            0,    0.00,       5,       97.8,        10256405,  2050870.4,   19.56,   439.1,    333, 371459,       0,       0,       0, 1, 1,    375,    416,    416,    416,    416,    417,    417,    417,    417,    417,    417,    417,    458,    458,    458,    458,    459,    459,    500,    541,    583,    625,    625,    625,    667,    750,   1042,   3875, 920350,1785497,1785497,1785497,1785497,3573068,3573068,3573068,3573068,3573068,3573068,3573068,2063970,2063970,2063970,2063970,1030519,1030519, 328152,  58579, 137140, 136253, 136253, 136253,  11543,   3549,     67,     13
               7,sbk,Regular,0,0,File,Reading,NANOSECONDS,    0,    1,    0,    1,        0.0,               0,        0.0,    0.00,        0.0,               0,        0.0,    0.00,    0.00,            0,    0.00,            0,    0.00,            0,            0,    0.00,            0,    0.00,       5,       97.9,        10267047,  2052998.6,   19.58,   439.0,    333,1097500,       0,       0,       0, 1, 1,    375,    416,    416,    416,    416,    417,    417,    417,    417,    417,    417,    417,    458,    458,    458,    458,    459,    459,    500,    542,    583,    625,    625,    625,    667,    750,   1041,   4250, 977774,1800725,1800725,1800725,1800725,3598631,3598631,3598631,3598631,3598631,3598631,3598631,1982125,1982125,1982125,1982125, 991274, 991274, 326905, 134557, 141009, 135273, 135273, 135273,  12444,   4094,     37,     19
               8,sbk,Regular,0,0,File,Reading,NANOSECONDS,    0,    1,    0,    1,        0.0,               0,        0.0,    0.00,        0.0,               0,        0.0,    0.00,    0.00,            0,    0.00,            0,    0.00,            0,            0,    0.00,            0,    0.00,       5,       98.0,        10275756,  2054739.1,   19.60,   438.5,    333, 875708,       0,       0,       0, 1, 1,    375,    416,    416,    416,    416,    417,    417,    417,    417,    417,    417,    417,    458,    458,    458,    458,    459,    459,    500,    541,    583,    625,    625,    625,    667,    750,   1042,   4042, 943308,1812058,1812058,1812058,1812058,3620695,3620695,3620695,3620695,3620695,3620695,3620695,2047770,2047770,2047770,2047770,1024472,1024472, 280219,  57112, 135248, 136395, 136395, 136395,  11210,   3531,     59,     12
               9,sbk,Regular,0,0,File,Reading,NANOSECONDS,    0,    1,    0,    1,        0.0,               0,        0.0,    0.00,        0.0,               0,        0.0,    0.00,    0.00,            0,    0.00,            0,    0.00,            0,            0,    0.00,            0,    0.00,       5,       97.8,        10256709,  2050929.3,   19.56,   439.4,    333, 946333,       0,       0,       0, 1, 1,    375,    416,    416,    416,    416,    417,    417,    417,    417,    417,    417,    417,    458,    458,    458,    458,    459,    459,    500,    541,    583,    625,    625,    625,    667,    750,    959,   3834, 853034,1783222,1783222,1783222,1783222,3569653,3569653,3569653,3569653,3569653,3569653,3569653,2133230,2133230,2133230,2133230,1067149,1067149, 312368,  57160, 128261, 134993, 134993, 134993,  12660,   3444,     77,      4
              10,sbk,Regular,0,0,File,Reading,NANOSECONDS,    0,    1,    0,    1,        0.0,               0,        0.0,    0.00,        0.0,               0,        0.0,    0.00,    0.00,            0,    0.00,            0,    0.00,            0,            0,    0.00,            0,    0.00,       5,       98.2,        10296628,  2058913.7,   19.64,   437.4,    333,1199542,       0,       0,       0, 1, 1,    375,    416,    416,    416,    416,    417,    417,    417,    417,    417,    417,    417,    458,    458,    458,    458,    459,    459,    500,    541,    583,    625,    625,    625,    667,    750,   1041,   3834,1002396,1838192,1838192,1838192,1838192,3674792,3674792,3674792,3674792,3674792,3674792,3674792,1987457,1987457,1987457,1987457, 993932, 993932, 270924,  57440, 128036, 128554, 128554, 128554,  10699,   3317,     43,      5
              11,sbk,Regular,0,0,File,Reading,NANOSECONDS,    0,    1,    0,    1,        0.0,               0,        0.0,    0.00,        0.0,               0,        0.0,    0.00,    0.00,            0,    0.00,            0,    0.00,            0,            0,    0.00,            0,    0.00,       5,       98.7,        10349833,  2069552.7,   19.74,   434.7,    333, 886125,       0,       0,       0, 1, 1,    375,    375,    416,    416,    416,    417,    417,    417,    417,    417,    417,    417,    417,    458,    458,    458,    459,    459,    459,    500,    583,    625,    625,    625,    666,    750,   1041,   3916,1182026,1182026,1889726,1889726,1889726,3783679,3783679,3783679,3783679,3783679,3783679,3783679,3783679,1851198,1851198,1851198, 923695, 923695, 923695, 230051, 121986, 108210, 108210, 108210,   4145,   3076,     39,      3
              12,sbk,Regular,0,0,File,Reading,NANOSECONDS,    0,    1,    0,    1,        0.0,               0,        0.0,    0.00,        0.0,               0,        0.0,    0.00,    0.00,            0,    0.00,            0,    0.00,            0,            0,    0.00,            0,    0.00,       5,       98.1,        10290532,  2057693.8,   19.62,   437.7,    333, 889708,       0,       0,       0, 1, 1,    375,    416,    416,    416,    416,    417,    417,    417,    417,    417,    417,    417,    458,    458,    458,    458,    459,    459,    500,    541,    583,    625,    625,    625,    667,    750,    958,   4083,1025054,1823232,1823232,1823232,1823232,3650999,3650999,3650999,3650999,3650999,3650999,3650999,1970670,1970670,1970670,1970670, 987050, 987050, 282730,  58022, 136655, 134267, 134267, 134267,  11393,   3390,    155,     12
              13,sbk,Regular,0,0,File,Reading,NANOSECONDS,    0,    1,    0,    1,        0.0,               0,        0.0,    0.00,        0.0,               0,        0.0,    0.00,    0.00,            0,    0.00,            0,    0.00,            0,            0,    0.00,            0,    0.00,       5,       97.8,        10251158,  2049821.6,   19.55,   439.6,    333, 399709,       0,       0,       0, 1, 1,    375,    416,    416,    416,    416,    417,    417,    417,    417,    417,    417,    417,    458,    458,    458,    458,    459,    500,    500,    541,    583,    625,    625,    625,    667,    750,   1042,   4417,1001505,1752355,1752355,1752355,1752355,3503940,3503940,3503940,3503940,3503940,3503940,3503940,1962692,1962692,1962692,1962692, 980987, 476891, 476891,  74072, 129605, 118886, 118886, 118886,  10880,   3736,     78,     16
              14,sbk,Regular,0,0,File,Reading,NANOSECONDS,    0,    1,    0,    1,        0.0,               0,        0.0,    0.00,        0.0,               0,        0.0,    0.00,    0.00,            0,    0.00,            0,    0.00,            0,            0,    0.00,            0,    0.00,       5,       98.2,        10301756,  2059937.5,   19.65,   437.0,    333,1454666,       0,       0,       0, 1, 1,    375,    375,    416,    416,    416,    417,    417,    417,    417,    417,    417,    417,    458,    458,    458,    458,    459,    459,    500,    541,    583,    625,    625,    625,    667,    750,   1041,   3958,1074461,1074461,1837875,1837875,1837875,3677907,3677907,3677907,3677907,3677907,3677907,3677907,1929528,1929528,1929528,1929528, 965949, 965949, 287564,  57484, 130629, 125824, 125824, 125824,  10013,   3219,     30,     10
              15,sbk,Regular,0,0,File,Reading,NANOSECONDS,    0,    1,    0,    1,        0.0,               0,        0.0,    0.00,        0.0,               0,        0.0,    0.00,    0.00,            0,    0.00,            0,    0.00,            0,            0,    0.00,            0,    0.00,       5,       98.2,        10293476,  2058283.5,   19.63,   437.5,    333, 350625,       0,       0,       0, 1, 1,    375,    375,    416,    416,    416,    417,    417,    417,    417,    417,    417,    417,    458,    458,    458,    458,    459,    459,    500,    500,    583,    625,    625,    625,    667,    750,   1042,   3792,1032660,1032660,1793492,1793492,1793492,3586720,3586720,3586720,3586720,3586720,3586720,3586720,2009231,2009231,2009231,2009231,1005024,1005024, 363358, 363358, 116663, 115054, 115054, 115054,  10460,   3328,     73,     17
              16,sbk,Regular,0,0,File,Reading,NANOSECONDS,    0,    1,    0,    1,        0.0,               0,        0.0,    0.00,        0.0,               0,        0.0,    0.00,    0.00,            0,    0.00,            0,    0.00,            0,            0,    0.00,            0,    0.00,       5,       98.4,        10317095,  2063005.8,   19.67,   436.4,    333, 367917,       0,       0,       0, 1, 1,    375,    375,    416,    416,    416,    417,    417,    417,    417,    417,    417,    417,    458,    458,    458,    458,    459,    459,    500,    541,    583,    625,    625,    625,    667,    750,   1000,   4000,1119305,1119305,1841266,1841266,1841266,3682250,3682250,3682250,3682250,3682250,3682250,3682250,1919317,1919317,1919317,1919317, 958491, 958491, 265098,  57427, 133237, 123568, 123568, 123568,  10034,   3318,    120,     17
              17,sbk,Regular,0,0,File,Reading,NANOSECONDS,    0,    1,    0,    1,        0.0,               0,        0.0,    0.00,        0.0,               0,        0.0,    0.00,    0.00,            0,    0.00,            0,    0.00,            0,            0,    0.00,            0,    0.00,       5,       98.5,        10333042,  2066194.6,   19.70,   435.9,    333, 863500,       0,       0,       0, 1, 1,    375,    375,    416,    416,    416,    417,    417,    417,    417,    417,    417,    417,    458,    458,    458,    458,    459,    459,    459,    500,    583,    625,    625,    625,    666,    750,   1000,   3917,1129837,1129837,1860615,1860615,1860615,3716580,3716580,3716580,3716580,3716580,3716580,3716580,1904353,1904353,1904353,1904353, 952615, 952615, 952615, 258923, 125681, 116670, 116670, 116670,   4506,   3060,    117,     11
              18,sbk,Regular,0,0,File,Reading,NANOSECONDS,    0,    1,    0,    1,        0.0,               0,        0.0,    0.00,        0.0,               0,        0.0,    0.00,    0.00,            0,    0.00,            0,    0.00,            0,            0,    0.00,            0,    0.00,       5,       97.5,        10227439,  2045078.6,   19.50,   440.1,    333, 348750,       0,       0,       0, 1, 1,    375,    416,    416,    416,    416,    417,    417,    417,    417,    417,    417,    417,    458,    458,    458,    459,    459,    500,    500,    541,    583,    625,    625,    625,    667,    750,   1041,   4084, 982933,1723008,1723008,1723008,1723008,3447928,3447928,3447928,3447928,3447928,3447928,3447928,1994673,1994673,1994673, 998709, 998709, 509227, 509227,  72519, 127033, 125117, 125117, 125117,  10595,   3661,     49,      9
              19,sbk,Regular,0,0,File,Reading,NANOSECONDS,    0,    1,    0,    1,        0.0,               0,        0.0,    0.00,        0.0,               0,        0.0,    0.00,    0.00,            0,    0.00,            0,    0.00,            0,            0,    0.00,            0,    0.00,       5,       97.9,        10261685,  2051925.5,   19.57,   439.0,    333, 959333,       0,       0,       0, 1, 1,    375,    416,    416,    416,    416,    417,    417,    417,    417,    417,    417,    417,    458,    458,    458,    458,    459,    459,    500,    542,    583,    625,    625,    625,    667,    791,   1000,   3833,1022444,1789753,1789753,1789753,1789753,3578361,3578361,3578361,3578361,3578361,3578361,3578361,1936704,1936704,1936704,1936704, 968615, 968615, 350765, 141189, 146301, 139383, 139383, 139383,  12796,    668,    193,      7
              20,sbk,Regular,0,0,File,Reading,NANOSECONDS,    0,    1,    0,    1,        0.0,               0,        0.0,    0.00,        0.0,               0,        0.0,    0.00,    0.00,            0,    0.00,            0,    0.00,            0,            0,    0.00,            0,    0.00,       5,       98.4,        10323012,  2064188.5,   19.69,   435.9,    333, 850750,       0,       0,       0, 1, 1,    375,    375,    416,    416,    416,    417,    417,    417,    417,    417,    417,    417,    417,    458,    458,    458,    459,    459,    459,    541,    583,    625,    625,    625,    666,    750,    959,   4125,1134364,1134364,1876398,1876398,1876398,3752070,3752070,3752070,3752070,3752070,3752070,3752070,3752070,1856693,1856693,1856693, 928811, 928811, 928811,  58932, 139111, 127477, 127477, 127477,   4532,   3060,     75,     10
              21,sbk,Regular,0,0,File,Reading,NANOSECONDS,    0,    1,    0,    1,        0.0,               0,        0.0,    0.00,        0.0,               0,        0.0,    0.00,    0.00,            0,    0.00,            0,    0.00,            0,            0,    0.00,            0,    0.00,       5,       98.6,        10341403,  2067867.0,   19.72,   435.2,    333, 324708,       0,       0,       0, 1, 1,    375,    375,    416,    416,    416,    417,    417,    417,    417,    417,    417,    417,    417,    458,    458,    458,    459,    459,    459,    541,    583,    625,    625,    625,    666,    750,   1000,   4125,1192383,1192383,1875246,1875246,1875246,3748977,3748977,3748977,3748977,3748977,3748977,3748977,3748977,1842702,1842702,1842702, 920499, 920499, 920499,  57000, 131065, 120289, 120289, 120289,   4532,   3066,    139,     10
              22,sbk,Regular,0,0,File,Reading,NANOSECONDS,    0,    1,    0,    1,        0.0,               0,        0.0,    0.00,        0.0,               0,        0.0,    0.00,    0.00,            0,    0.00,            0,    0.00,            0,            0,    0.00,            0,    0.00,       5,       98.5,        10325375,  2064661.1,   19.69,   435.7,    333, 949917,       0,       0,       0, 1, 1,    375,    375,    416,    416,    416,    417,    417,    417,    417,    417,    417,    417,    417,    458,    458,    458,    459,    459,    500,    541,    583,    625,    625,    625,    666,    750,   1041,   3916,1167098,1167098,1863443,1863443,1863443,3729879,3729879,3729879,3729879,3729879,3729879,3729879,3729879,1852085,1852085,1852085, 926143, 926143, 258530,  58424, 131753, 121634, 121634, 121634,   4424,   3077,     46,      6
              23,sbk,Regular,0,0,File,Reading,NANOSECONDS,    0,    1,    0,    1,        0.0,               0,        0.0,    0.00,        0.0,               0,        0.0,    0.00,    0.00,            0,    0.00,            0,    0.00,            0,            0,    0.00,            0,    0.00,       5,       98.1,        10281428,  2055874.0,   19.61,   438.1,    333, 878292,       0,       0,       0, 1, 1,    375,    416,    416,    416,    416,    417,    417,    417,    417,    417,    417,    417,    458,    458,    458,    458,    459,    459,    500,    541,    583,    625,    625,    625,    667,    750,   1167,   4500,1005245,1812704,1812704,1812704,1812704,3625778,3625778,3625778,3625778,3625778,3625778,3625778,1990013,1990013,1990013,1990013, 995543, 995543, 322926,  58640, 128552, 124511, 124511, 124511,  10616,   3043,     44,     22
              24,sbk,Regular,0,0,File,Reading,NANOSECONDS,    0,    1,    0,    1,        0.0,               0,        0.0,    0.00,        0.0,               0,        0.0,    0.00,    0.00,            0,    0.00,            0,    0.00,            0,            0,    0.00,            0,    0.00,       4,       98.0,        10279092,  2065510.0,   19.70,   435.7,    333, 323917,       0,       0,       0, 1, 1,    375,    375,    416,    416,    416,    417,    417,    417,    417,    417,    417,    417,    417,    458,    458,    458,    459,    459,    459,    500,    583,    625,    625,    625,    666,    750,    959,   3667,1116845,1116845,1855887,1855887,1855887,3715242,3715242,3715242,3715242,3715242,3715242,3715242,3715242,1885908,1885908,1885908, 943120, 943120, 943120, 248478, 127571, 119242, 119242, 119242,   4686,   3006,     61,     35
              25,sbk,Total,0,0,File,Reading,NANOSECONDS,    0,    1,    0,    1,        0.0,               0,        0.0,    0.00,        0.0,               0,        0.0,    0.00,    0.00,            0,    0.00,            0,    0.00,            0,            0,    0.00,            0,    0.00,     120,     2351.6,       246578839,  2054823.6,   19.60,   437.9,    333,1746041,       0,       0,       0, 1, 1,    375,    375,    416,    416,    416,    417,    417,    417,    417,    417,    417,    417,    458,    458,    458,    458,    459,    459,    500,    541,    583,    625,    625,    625,    667,    834,   1209,   4125,25103134,25103134,43666424,43666424,43666424,87334955,87334955,87334955,87334955,87334955,87334955,87334955,46676028,46676028,46676028,46676028,23336603,23336603,7344545,1451018,3166366,3042561,3042561,3042561, 257475,   8975,    902,    416
